strategy,avg_ms,min_ms,max_ms,p50_ms,p95_ms,stddev_ms,speedup,improvement
torch_compile,8.604768666555174,8.394630000111647,8.837228999254876,8.500072000970249,8.837228999254876,0.16161232080726015,1.66x,39.9%
bfloat16,8.743872266616867,8.412533999944571,8.964321999883396,8.724403000087477,8.964321999883396,0.1683779578902005,1.64x,38.9%
fp16,9.953183333467072,8.65712900122162,10.665239000445581,10.13255699945148,10.665239000445581,0.722202774642484,1.44x,30.5%
combined,13.912230400092085,11.915862998648663,18.359083000177634,13.233671001216862,18.359083000177634,2.0418343101801417,1.03x,2.9%
baseline,14.321343999836245,13.74446100089699,15.016751998700784,14.314414998807479,15.016751998700784,0.37795213771857367,1.00x,0.0%
